1,1,Assigned a trip from Agasthiyar falls to Courtallam WaterFalls in cab Kia on 22.5 hrs and got RS.160,7,160,Ongoing
1,8,Assigned a trip from Courtallam WaterFalls to Manimuthar Dam in cab Kia on 12.0hrs and got RS.1200,8,1200,Completed
1,8,Assigned a trip from Agasthiyar falls to Courtallam WaterFalls in cab Kia on 9.333333333333334hrs and got RS.160,9,160,Ongoing
1,8,Assigned a trip from Courtallam WaterFalls to Kasi Viswanathar Temple in cab Kia on 8.2hrs and got RS.940,10,940,Ongoing,yuvon@gmail.com
5,8,Assigned a trip from Agasthiyar falls to Courtallam WaterFalls in cab Innova on 8.2hrs and got RS.160,11,160,Cancelled,yuvon@gmail.com
1,8,Assigned a trip from Agasthiyar falls to Courtallam WaterFalls in cab Kia on 12.0hrs and got RS.160,12,160,Ongoing,yuvon@gmail.com
1,8,Assigned a trip from Agasthiyar falls to Kasi Viswanathar Temple in cab Kia on 9.0hrs and got RS.1200,13,1200,Ongoing,yuvon@gmail.com
1,20,Assigned a trip from Agasthiyar falls to Manimuthar Dam in cab Kia on 23.333333333333332hrs and got RS.1460,14,1460,Completed,yuvon@gmail.com
1,25,Assigned a trip from Agasthiyar falls to Panchavarneshwarar Temple in cab Kia on 7.0hrs and got RS.1850,15,1850,Cancelled,yuvon@gmail.com
1,8,Assigned a trip from Agasthiyar falls to Courtallam WaterFalls in cab Kia on 11.0hrs and got RS.160,16,160,Ongoing,yuvon@gmail.com
5,8,Assigned a trip from Agasthiyar falls to Courtallam WaterFalls in cab Innova on 11.0hrs and got RS.160,17,160,Ongoing,yuvon@gmail.com
1,28,Assigned a trip from Courtallam WaterFalls to Kasi Viswanathar Temple in cab Kia on 11.0hrs and got RS.940,18,940,Completed,yuvon@gmail.com
1,28,Assigned a trip from Manimuthar Dam to Palaruvi Falls in cab Innova on 20.0hrs and got RS.290,19,290,Completed,yuvon@gmail.com
1,29,Assigned a trip from Agasthiyar falls to Courtallam WaterFalls in cab Kia on 12.0hrs and got RS.160,20,160,Cancelled,yuvon@gmail.com
1,29,Assigned a trip from Agasthiyar falls to Courtallam WaterFalls in cab Innova on 12.0hrs and got RS.160,21,160,Ongoing,yuvon@gmail.com
4,29,Assigned a trip from Agasthiyar falls to Courtallam WaterFalls in cab Audi on 12.0hrs and got RS.160,22,160,Ongoing,yuvon@gmail.com
1,29,Assigned a trip from Agasthiyar falls to Courtallam WaterFalls in cab Kia on 12.0hrs and got RS.160,23,160,Ongoing,yuvon@gmail.com
1,29,Assigned a trip from Agasthiyar falls to Courtallam WaterFalls in cab Kia on 12.0hrs and got RS.160,24,160,Ongoing,yuvon@gmail.com
1,29,Assigned a trip from Agasthiyar falls to Courtallam WaterFalls in cab Innova on 12.0hrs and got RS.160,25,160,Ongoing,yuvon@gmail.com
4,29,Assigned a trip from Agasthiyar falls to Courtallam WaterFalls in cab Audi on 12.0hrs and got RS.160,26,160,Ongoing,yuvon@gmail.com
6,29,Assigned a trip from Agasthiyar falls to Courtallam WaterFalls in cab Bucati on 11.0hrs and got RS.160,27,160,Ongoing,yuvon@gmail.com
7,29,Assigned a trip from Courtallam WaterFalls to Kasi Viswanathar Temple in cab Tata on 15.0hrs and got RS.940,28,940,Ongoing,yuvon@gmail.com
1,29,Assigned a trip from Courtallam WaterFalls to Kasi Viswanathar Temple in cab Kia on 15.0hrs and got RS.940,28,940,Ongoing,yuvon@gmail.com
7,29,Assigned a trip from Manimuthar Dam to Palaruvi Falls in cab Tata on 20.0hrs and got RS.290,29,290,Ongoing,yuvon@gmail.com
12,29,Assigned a trip from Palaruvi Falls to Panchavarneshwarar Temple in cab Benz on 22.0hrs and got RS.-100,30,-100,Ongoing,yuvon@gmail.com
15,29,Assigned a trip from Courtallam WaterFalls to Courtallam WaterFalls in cab tata on 12.033333333333333hrs and got RS.-100,31,-100,Ongoing,yuvon@gmail.com
1,29,Assigned a trip from Agasthiyar falls to Courtallam WaterFalls in cab Kia on 12.0hrs and got RS.160,32,160,Ongoing,yuvon@gmail.com
1,29,Assigned a trip from Palaruvi Falls to Panchavarneshwarar Temple in cab Kia on 23.0hrs and got RS.-100,33,-100,Ongoing,yuvon@gmail.com
1,0,Assigned a trip from Agasthiyar falls to Kasi Viswanathar Temple in cab Kia on 12.5hrs and got RS.1200,34,1200,Ongoing,yuvon@gmail.com
