14,You have taken a trip from A to Din cab Kia on 7 and paid RS.290to driver Joel,Ongoing,2
16,You have taken a trip from A to Bin cab Kia on 12 and paid RS.30to driver Joel,Completed,3
8,You have taken a trip from A to Bin cab Kia on 12 and paid RS.30to driver Joel,Ongoing,4
8,You have taken a trip from A to Cin cab Kia on 13 and paid RS.160to driver Joel,Ongoing,5
8,You have taken a trip from A to Bin cab Kia on 24 and paid RS.30to driver Joel,Cancelled,6,30
8,You have taken a trip from Agasthiyar falls to Courtallam WaterFallsin cab Kia on 22.5 hrs and paid RS.160 to driver Joel,Completed,7,160
8,You have taken a trip from Courtallam WaterFalls to Manimuthar Damin cab Kia on 12.0hrs and paid RS.1200 to driver Joel,Completed,8,1200
8,You have taken a trip from Agasthiyar falls to Courtallam WaterFallsin cab Kia on 9.333333333333334hrs and paid RS.160 to driver Joel,Cancelled,9,160
8,You have taken a trip from Courtallam WaterFalls to Kasi Viswanathar Templein cab Kia on 8.2hrs and paid RS.940 to driver Joel,Cancelled,10,940
8,You have taken a trip from Agasthiyar falls to Courtallam WaterFallsin cab Innova on 8.2hrs and paid RS.160 to driver kathir,Cancelled,11,160
8,You have taken a trip from Agasthiyar falls to Courtallam WaterFallsin cab Kia on 12.0hrs and paid RS.160 to driver Joel,Ongoing,12,160
8,You have taken a trip from Agasthiyar falls to Kasi Viswanathar Templein cab Kia on 9.0hrs and paid RS.1200 to driver Joel,Ongoing,13,1200
20,You have taken a trip from Agasthiyar falls to Manimuthar Damin cab Kia on 23.333333333333332hrs and paid RS.1460 to driver Joel,Completed,14,1460
25,You have taken a trip from Agasthiyar falls to Panchavarneshwarar Templein cab Kia on 7.0hrs and paid RS.1850 to driver Joel,Cancelled,15,1850
8,You have taken a trip from Agasthiyar falls to Courtallam WaterFallsin cab Kia on 11.0hrs and paid RS.160 to driver Joel,Ongoing,16,160
8,You have taken a trip from Agasthiyar falls to Courtallam WaterFallsin cab Innova on 11.0hrs and paid RS.160 to driver kathir,Ongoing,17,160
28,You have taken a trip from Courtallam WaterFalls to Kasi Viswanathar Templein cab Kia on 11.0hrs and paid RS.940 to driver Joel,Completed,18,940
28,You have taken a trip from Manimuthar Dam to Palaruvi Fallsin cab Innova on 20.0hrs and paid RS.290 to driver Joel,Completed,19,290
29,You have taken a trip from Agasthiyar falls to Courtallam WaterFallsin cab Kia on 12.0hrs and paid RS.160 to driver Joel,Cancelled,20,160
29,You have taken a trip from Agasthiyar falls to Courtallam WaterFallsin cab Innova on 12.0hrs and paid RS.160 to driver Joel,Ongoing,21,160
29,You have taken a trip from Agasthiyar falls to Courtallam WaterFallsin cab Audi on 12.0hrs and paid RS.160 to driver muthu,Ongoing,22,160
29,You have taken a trip from Agasthiyar falls to Courtallam WaterFallsin cab Kia on 12.0hrs and paid RS.160 to driver Joel,Ongoing,23,160
29,You have taken a trip from Agasthiyar falls to Courtallam WaterFallsin cab Kia on 12.0hrs and paid RS.160 to driver Joel,Ongoing,24,160
29,You have taken a trip from Agasthiyar falls to Courtallam WaterFallsin cab Innova on 12.0hrs and paid RS.160 to driver Joel,Ongoing,25,160
29,You have taken a trip from Agasthiyar falls to Courtallam WaterFallsin cab Audi on 12.0hrs and paid RS.160 to driver muthu,Ongoing,26,160
29,You have taken a trip from Agasthiyar falls to Courtallam WaterFallsin cab Bucati on 11.0hrs and paid RS.160 to driver pravin,Ongoing,27,160
29,You have taken a trip from Courtallam WaterFalls to Kasi Viswanathar Templein cab Kia on 15.0hrs and paid RS.940 to driver Joel,Ongoing,28,940
29,You have taken a trip from Manimuthar Dam to Palaruvi Fallsin cab Tata on 20.0hrs and paid RS.290 to driver hari,Ongoing,29,290
29,You have taken a trip from Palaruvi Falls to Panchavarneshwarar Templein cab Benz on 22.0hrs and paid RS.-100 to driver laurel,Ongoing,30,-100
29,You have taken a trip from Courtallam WaterFalls to Courtallam WaterFallsin cab tata on 12.033333333333333hrs and paid RS.-100 to driver vasanth,Ongoing,31,-100
29,You have taken a trip from Agasthiyar falls to Courtallam WaterFallsin cab Kia on 12.0hrs and paid RS.160 to driver Joel,Ongoing,32,160
29,You have taken a trip from Palaruvi Falls to Panchavarneshwarar Templein cab Kia on 23.0hrs and paid RS.-100 to driver Joel,Ongoing,33,-100
0,You have taken a trip from Agasthiyar falls to Kasi Viswanathar Templein cab Kia on 12.5hrs and paid RS.1200 to driver Joel,Ongoing,34,1200
